geoid,tract_name,countyfp,centroid_lat,centroid_lon,council_district
48453000402,Census Tract 4.02,453,30.284139,-97.715524,1
48453000802,Census Tract 8.02,453,30.273553,-97.707989,1
48453000803,Census Tract 8.03,453,30.276812,-97.720472,1
48453000804,Census Tract 8.04,453,30.270091,-97.721945,1
48453000901,Census Tract 9.01,453,30.265568,-97.72374,1
48453002107,Census Tract 21.07,453,30.295667,-97.682861,1
48453002108,Census Tract 21.08,453,30.297425,-97.668947,1
48453002109,Census Tract 21.09,453,30.281509,-97.690577,1
48453002110,Census Tract 21.10,453,30.274092,-97.677222,1
48453002113,Census Tract 21.13,453,30.31713,-97.672428,1
48453002201,Census Tract 22.01,453,30.318176,-97.655726,1
48453002213,Census Tract 22.13,453,30.288156,-97.640492,1
48453002214,Census Tract 22.14,453,30.276397,-97.653606,1
48453002219,Census Tract 22.19,453,30.280483,-97.537715,1
48453002220,Census Tract 22.20,453,30.316972,-97.639606,1
48453002222,Census Tract 22.22,453,30.300493,-97.633264,1
48453040200,Census Tract 402,453,30.326172,-97.685011,1
48453041500,Census Tract 415,453,30.380148,-97.66882,1
48453041600,Census Tract 416,453,30.364004,-97.676497,1
48453043500,Census Tract 435,453,30.362156,-97.659025,1
48453043600,Census Tract 436,453,30.337933,-97.662155,1
48453043700,Census Tract 437,453,30.392312,-97.667325,1
48453043800,Census Tract 438,453,30.383796,-97.658307,1
48453044000,Census Tract 440,453,30.398685,-97.663223,1
48453044900,Census Tract 449,453,30.391408,-97.622257,1
48453045000,Census Tract 450,453,30.371292,-97.641047,1
48453002409,Census Tract 24.09,453,30.207529,-97.793578,2
48453002410,Census Tract 24.10,453,30.20577,-97.786664,2
48453002411,Census Tract 24.11,453,30.20528,-97.748918,2
48453002412,Census Tract 24.12,453,30.189396,-97.751485,2
48453002413,Census Tract 24.13,453,30.197092,-97.740271,2
48453002419,Census Tract 24.19,453,30.191277,-97.760895,2
48453002422,Census Tract 24.22,453,30.183439,-97.784813,2
48453002430,Census Tract 24.30,453,30.171778,-97.754776,2
48453002432,Census Tract 24.32,453,30.130245,-97.71956,2
48453002439,Census Tract 24.39,453,30.162917,-97.751106,2
48453002441,Census Tract 24.41,453,30.182004,-97.768022,2
48453002442,Census Tract 24.42,453,30.178306,-97.755261,2
48453002443,Census Tract 24.43,453,30.199329,-97.771094,2
48453002444,Census Tract 24.44,453,30.203987,-97.779092,2
48453002447,Census Tract 24.47,453,30.204895,-97.727938,2
48453002448,Census Tract 24.48,453,30.191958,-97.715274,2
48453002449,Census Tract 24.49,453,30.159678,-97.656321,2
48453980000,Census Tract 9800,453,30.194663,-97.666661,2
48453000801,Census Tract 8.01,453,30.266932,-97.701464,3
48453000902,Census Tract 9.02,453,30.259192,-97.71597,3
48453001000,Census Tract 10,453,30.252831,-97.725829,3
48453001307,Census Tract 13.07,453,30.236349,-97.7686,3
48453001308,Census Tract 13.08,453,30.232737,-97.761763,3
48453002003,Census Tract 20.03,453,30.219192,-97.774589,3
48453002111,Census Tract 21.11,453,30.257132,-97.68541,3
48453002304,Census Tract 23.04,453,30.243463,-97.723304,3
48453002307,Census Tract 23.07,453,30.223105,-97.740966,3
48453002313,Census Tract 23.13,453,30.22018,-97.72602,3
48453002314,Census Tract 23.14,453,30.224695,-97.715516,3
48453002315,Census Tract 23.15,453,30.233923,-97.732135,3
48453002316,Census Tract 23.16,453,30.23927,-97.730423,3
48453002320,Census Tract 23.20,453,30.221926,-97.695175,3
48453002321,Census Tract 23.21,453,30.231893,-97.693976,3
48453002322,Census Tract 23.22,453,30.223013,-97.755666,3
48453002323,Census Tract 23.23,453,30.232499,-97.75025,3
48453002324,Census Tract 23.24,453,30.235129,-97.718873,3
48453002325,Census Tract 23.25,453,30.231476,-97.706495,3
48453002326,Census Tract 23.26,453,30.244493,-97.712542,3
48453002327,Census Tract 23.27,453,30.24058,-97.702685,3
48453002403,Census Tract 24.03,453,30.212063,-97.762234,3
48453001503,Census Tract 15.03,453,30.327256,-97.715769,4
48453002104,Census Tract 21.04,453,30.314734,-97.696573,4
48453002105,Census Tract 21.05,453,30.314913,-97.705598,4
48453002106,Census Tract 21.06,453,30.30672,-97.690323,4
48453002112,Census Tract 21.12,453,30.313924,-97.682598,4
48453040000,Census Tract 400,453,30.341939,-97.707324,4
48453040100,Census Tract 401,453,30.357195,-97.710326,4
48453040300,Census Tract 403,453,30.345101,-97.687554,4
48453040500,Census Tract 405,453,30.360208,-97.72221,4
48453040600,Census Tract 406,453,30.363422,-97.702667,4
48453040700,Census Tract 407,453,30.371805,-97.714827,4
48453040800,Census Tract 408,453,30.38098,-97.708605,4
48453040900,Census Tract 409,453,30.374191,-97.696321,4
48453041000,Census Tract 410,453,30.3701,-97.686897,4
48453043100,Census Tract 431,453,30.356804,-97.694596,4
48453043200,Census Tract 432,453,30.350599,-97.700617,4
48453043300,Census Tract 433,453,30.33294,-97.69564,4
48453043400,Census Tract 434,453,30.326327,-97.700311,4
48453001304,Census Tract 13.04,453,30.248406,-97.773434,5
48453001309,Census Tract 13.09,453,30.261319,-97.763936,5
48453001922,Census Tract 19.22,453,30.239743,-97.797455,5
48453001923,Census Tract 19.23,453,30.256291,-97.779217,5
48453002002,Census Tract 20.02,453,30.223095,-97.784819,5
48453002004,Census Tract 20.04,453,30.236068,-97.788227,5
48453002006,Census Tract 20.06,453,30.232515,-97.778141,5
48453002007,Census Tract 20.07,453,30.237183,-97.7817,5
48453002423,Census Tract 24.23,453,30.179733,-97.806212,5
48453002424,Census Tract 24.24,453,30.192189,-97.799249,5
48453002437,Census Tract 24.37,453,30.164487,-97.794367,5
48453002438,Census Tract 24.38,453,30.162067,-97.812616,5
48453002451,Census Tract 24.51,453,30.16304,-97.780416,5
48453030300,Census Tract 303,453,30.223853,-97.797196,5
48453030400,Census Tract 304,453,30.210792,-97.805299,5
48453030900,Census Tract 309,453,30.195742,-97.816561,5
48453031000,Census Tract 310,453,30.202751,-97.829377,5
48453031700,Census Tract 317,453,30.186073,-97.838265,5
48453031800,Census Tract 318,453,30.180764,-97.8246,5
48453031900,Census Tract 319,453,30.17023,-97.839128,5
48453037200,Census Tract 372,453,30.156349,-97.844105,5
48453031600,Census Tract 316,453,30.424415,-97.73786,6
48453032600,Census Tract 326,453,30.409302,-97.778547,6
48453033700,Census Tract 337,453,30.439765,-97.796463,6
48453033800,Census Tract 338,453,30.429375,-97.79305,6
48453034100,Census Tract 341,453,30.444384,-97.736132,6
48453034200,Census Tract 342,453,30.433621,-97.74856,6
48453034300,Census Tract 343,453,30.436668,-97.813675,6
48453034400,Census Tract 344,453,30.440931,-97.8316,6
48453034500,Census Tract 345,453,30.432616,-97.821589,6
48491020311,Census Tract 203.11,491,30.484497,-97.797531,6
48491020403,Census Tract 204.03,491,30.461768,-97.804463,6
48491020404,Census Tract 204.04,491,30.455158,-97.816071,6
48491020405,Census Tract 204.05,491,30.448211,-97.794252,6
48491020406,Census Tract 204.06,491,30.45251,-97.770679,6
48491020408,Census Tract 204.08,491,30.461403,-97.785972,6
48491020410,Census Tract 204.10,491,30.442969,-97.764175,6
48491020411,Census Tract 204.11,491,30.465486,-97.739082,6
48491020503,Census Tract 205.03,491,30.485412,-97.714888,6
48491020508,Census Tract 205.08,491,30.488863,-97.77997,6
48491020509,Census Tract 205.09,491,30.505349,-97.754531,6
48491020513,Census Tract 205.13,491,30.468584,-97.698633,6
48491020516,Census Tract 205.16,491,30.492783,-97.761021,6
48453000101,Census Tract 1.01,453,30.323336,-97.753187,7
48453000205,Census Tract 2.05,453,30.326165,-97.734327,7
48453000206,Census Tract 2.06,453,30.326141,-97.743523,7
48453001501,Census Tract 15.01,453,30.346578,-97.743305,7
48453001504,Census Tract 15.04,453,30.346544,-97.725086,7
48453001505,Census Tract 15.05,453,30.336386,-97.730429,7
48453032400,Census Tract 324,453,30.390752,-97.738741,7
48453032500,Census Tract 325,453,30.406488,-97.737143,7
48453040400,Census Tract 404,453,30.366604,-97.734672,7
48453041100,Census Tract 411,453,30.385101,-97.679197,7
48453041200,Census Tract 412,453,30.402251,-97.683027,7
48453041300,Census Tract 413,453,30.421576,-97.723728,7
48453041400,Census Tract 414,453,30.416408,-97.712827,7
48453041700,Census Tract 417,453,30.388493,-97.700098,7
48453041800,Census Tract 418,453,30.395966,-97.701372,7
48453041900,Census Tract 419,453,30.392491,-97.690446,7
48453042000,Census Tract 420,453,30.435973,-97.71375,7
48453042100,Census Tract 421,453,30.412863,-97.67978,7
48453042200,Census Tract 422,453,30.411915,-97.701782,7
48453043000,Census Tract 430,453,30.449032,-97.701802,7
48453043900,Census Tract 439,453,30.407229,-97.657257,7
48453045100,Census Tract 451,453,30.433087,-97.692432,7
48453045200,Census Tract 452,453,30.424458,-97.688786,7
48453045300,Census Tract 453,453,30.399546,-97.71135,7
48453045400,Census Tract 454,453,30.391886,-97.725016,7
48209010912,Census Tract 109.12,209,30.132535,-97.927699,8
48453001910,Census Tract 19.10,453,30.270067,-97.798031,8
48453001911,Census Tract 19.11,453,30.259265,-97.785717,8
48453001914,Census Tract 19.14,453,30.257129,-97.839129,8
48453001915,Census Tract 19.15,453,30.240564,-97.836697,8
48453001917,Census Tract 19.17,453,30.274399,-97.828701,8
48453001920,Census Tract 19.20,453,30.255816,-97.887498,8
48453031200,Census Tract 312,453,30.218622,-97.860696,8
48453031300,Census Tract 313,453,30.190043,-97.857111,8
48453032000,Census Tract 320,453,30.230518,-97.844221,8
48453033000,Census Tract 330,453,30.242667,-97.901276,8
48453033300,Census Tract 333,453,30.163315,-97.883676,8
48453033400,Census Tract 334,453,30.211841,-97.840445,8
48453033500,Census Tract 335,453,30.20471,-97.849773,8
48453034700,Census Tract 347,453,30.222477,-97.880905,8
48453034800,Census Tract 348,453,30.20598,-97.881046,8
48453036700,Census Tract 367,453,30.195696,-97.90369,8
48453036800,Census Tract 368,453,30.185577,-97.878742,8
48453037100,Census Tract 371,453,30.158841,-97.856837,8
48453000203,Census Tract 2.03,453,30.31262,-97.736666,9
48453000302,Census Tract 3.02,453,30.302559,-97.726503,9
48453000304,Census Tract 3.04,453,30.309374,-97.716914,9
48453000305,Census Tract 3.05,453,30.314873,-97.726308,9
48453000307,Census Tract 3.07,453,30.297033,-97.712565,9
48453000308,Census Tract 3.08,453,30.29612,-97.694444,9
48453000309,Census Tract 3.09,453,30.297939,-97.704775,9
48453000401,Census Tract 4.01,453,30.288248,-97.725056,9
48453000500,Census Tract 5,453,30.296066,-97.734175,9
48453000601,Census Tract 6.01,453,30.287412,-97.738044,9
48453000605,Census Tract 6.05,453,30.296187,-97.746267,9
48453000606,Census Tract 6.06,453,30.290702,-97.743867,9
48453000607,Census Tract 6.07,453,30.285747,-97.74946,9
48453000608,Census Tract 6.08,453,30.284996,-97.743347,9
48453000700,Census Tract 7,453,30.2777,-97.741123,9
48453001101,Census Tract 11.01,453,30.27111,-97.742479,9
48453001102,Census Tract 11.02,453,30.265914,-97.748033,9
48453001103,Census Tract 11.03,453,30.259081,-97.73992,9
48453001200,Census Tract 12,453,30.272783,-97.759185,9
48453001310,Census Tract 13.10,453,30.256216,-97.762586,9
48453001311,Census Tract 13.11,453,30.258242,-97.75242,9
48453001312,Census Tract 13.12,453,30.248423,-97.757948,9
48453001401,Census Tract 14.01,453,30.250246,-97.744982,9
48453001402,Census Tract 14.02,453,30.243658,-97.741163,9
48453001403,Census Tract 14.03,453,30.239912,-97.73507,9
48453000102,Census Tract 1.02,453,30.326272,-97.766801,10
48453000204,Census Tract 2.04,453,30.307164,-97.744465,10
48453001602,Census Tract 16.02,453,30.290081,-97.778202,10
48453001603,Census Tract 16.03,453,30.298428,-97.756443,10
48453001604,Census Tract 16.04,453,30.302841,-97.772403,10
48453001605,Census Tract 16.05,453,30.286771,-97.760573,10
48453001606,Census Tract 16.06,453,30.305673,-97.760829,10
48453001912,Census Tract 19.12,453,30.32576,-97.820508,10
48453002500,Census Tract 25,453,30.416676,-97.755145,10
48453030000,Census Tract 300,453,30.369867,-97.773965,10
48453030100,Census Tract 301,453,30.382518,-97.755202,10
48453030200,Census Tract 302,453,30.372785,-97.746344,10
48453030500,Census Tract 305,453,30.393497,-97.802585,10
48453030600,Census Tract 306,453,30.348314,-97.761023,10
48453030700,Census Tract 307,453,30.349477,-97.780639,10
48453030800,Census Tract 308,453,30.398862,-97.753023,10
48453032200,Census Tract 322,453,30.362873,-97.757751,10
48453032300,Census Tract 323,453,30.357615,-97.749827,10
48453032700,Census Tract 327,453,30.426135,-97.769797,10
48453032800,Census Tract 328,453,30.397855,-97.763967,10
48453032900,Census Tract 329,453,30.361072,-97.82948,10
48453034600,Census Tract 346,453,30.413522,-97.834548,10
48453035000,Census Tract 350,453,30.365647,-97.875321,10
