lgl_nm,total_spend,num_orders
TEXAS ELECTRIC COOPERATIVES,142938212.50,1760
SILSBEE FORD INC,135416419.88,1053
SUN COAST RESOURCES INC,129156726.09,2159
MOTOROLA SOLUTIONS INC,104820752.52,2685
TECHLINE INC,95320219.08,4139
DELL MARKETING LP,89430951.23,11329
"Siddons-Martin Emergency Group, LLC",88727828.44,117
Pinnacle Petroleum Incorporated,86838700.61,1388
W W GRAINGER INC,86203592.24,25538
KBS ELECTRICAL DISTRIBUTORS INC,55914859.03,1811
METRO FIRE APPARATUS SPECIALISTS INC,54730177.21,461
"Meter Readings Holding, LLC",51058366.91,2
RUSH TRUCK CENTERS OF TEXAS LP,47721460.40,188
CDW LLC,47473882.32,2456
LONGHORN INTERNATIONAL TRUCKS LTD,41824610.08,306
AUSTIN WHITE LIME CO,41043213.52,450
PREMIER MAGNESIA LLC,39536037.30,497
INSIGHT PUBLIC SECTOR INC,39118602.82,2781
"Axon Enterprise, Inc.",38592790.11,83
TEXAN WASTE EQUIPMENT INC,38015382.61,131
PRIESTER-MELL & NICHOLSON INC,36138811.92,1584
APAC-TEXAS INC,35068196.37,4423
"Summus Industries, Inc.",34799346.31,1630
PHILPOTT MOTORS LTD,32650786.60,307
TOTER LLC,32426800.84,125
PRIESTER-MELL & NICHOLSON INC.,32373963.06,880
Asphalt Inc LLC,30731521.81,282
"LAKE COUNTRY CHEVROLET, INC",29742623.46,275
FREEIT DATA SOLUTIONS INC,28567460.23,288
GALLS LLC,27053166.27,1133
SANTEX TRUCK CENTER LTD,24447634.08,131
ERGON ASPHALT & EMULSIONS INC,23717159.28,2069
SMS LLC,23555140.55,187
"WESCO DISTRIBUTION, INC.",21527552.48,823
HOME DEPOT USA INC,21386047.58,1024
"GTS Technology Solutions, Inc.",20791742.75,1153
HD Hyundai Electric America Corporation,20291680,6
"Ferguson US Holdings, Inc",20202104.31,456
"OverDrive, Inc.",19992463.71,312
"Doggett Freightliner of South Texas, LLC",19480017.21,89
72 Hour LLC,18668416.48,199
Offutt Companies Inc.,18393893.98,256
"LHOIST NORTH AMERICA OF TEXAS, LLC",18203234.26,57
"Posillico Civil, Inc",18193012.33,8
"Galls Parent Holdings, LLC",17501491.57,124
PVS DX INC,16478397.15,101
YOUNGBLOOD AUTOMOTIVE & TIRE LLC,15681143.66,325
BADGER METER INC,15324248.78,622
POWER SUPPLY INC,15094747.05,1232
BOUND TREE MEDICAL L L C,15046943.86,3109
AUSTIN TRUCK & EQUIPMENT INC LTD,14391057.99,123
GULF COAST PAPER CO INC,14098469.17,5266
"Delta Star, Inc.",12905239,14
GT DISTRIBUTORS INC,12687791.90,3055
Core & Main LP,12665283.76,3323
Netsync Network Solutions,12518248.19,384
PARKEON INC,12505791.63,340
CENTRAL TEXAS HEAVY EQUIPMENT COMPANY,12424898.81,141
CHASTANG ENTERPRISES INC,12369684.15,45
INGRAM LIBRARY SERVICES INC,12327515.40,1042
MAGNUM CUSTOM TRAILER MFG CO INC,11941209.78,359
CALDWELL COUNTRY CHEVROLET,11934275.00,217
CONTROL PANELS USA INC,11932234.61,133
PIONEER TRANSFORMERS LTD,11776182.84,131
INDUSTRIAL ASPHALT LLC,11729710.11,562
SID TOOL CO INC,11131383.93,10397
INTERNATIONAL BUSINESS MACHINES CORPORATION,11095061.91,78
MILLER UNIFORMS & EMBLEMS INC,11047516.28,5821
GRANDE FORD TRUCK SALES INC,10475006.91,18
MARK III SYSTEMS INC,10428208.73,85
POWELL ELECTRICAL SYSTEMS INC,10414603.92,77
DXI INDUSTRIES INC,10150804.89,884
RDO EQUIPMENT CO,10078987.67,166
VULCAN CONSTRUCTION MATERIALS LLC,9753726.10,307
MCKESSON MEDICAL-SURGICAL INC,9713490.14,2318
SHI-GOVERNMENT SOLUTIONS INC,9422312.22,942
POLYDYNE INC,9313237.71,134
MATERA PAPER COMPANY INC,9132128.54,284
TYMCO INC,8986183.1,16
COOPER EQUIPMENT CO INC,8840025.15,109
SIDDONS FIRE APPARATUS INC,8770075.64,20
DELL FINANCIAL SERVICES LLC,8694846.22,96
AUSTIN RIBBON & COMPUTER SUPPLIES INC,8531485.24,505
ZOLL Medical Corporation,8412349.04,858
STAPLES CONTRACT & COMMERCIAL INC,8359836.52,40
SIRIUS COMPUTER SOLUTIONS INC,8160422.81,139
Ingram Industries Inc.,8113918.29,114
COMMUNITY TRUCKING LLC,8101766.01,2140
GRAPEVINE DODGE CHRYSLER JEEP LLC,8078447.39,91
MUNICIPAL EMERGENCY SERVICES INC,7931652.53,237
OLDCASTLE MATERIALS TEXAS INC,7855516.59,423
MIDWEST TAPE LLC,7835195.63,763
ACLARA TECHNOLOGIES LLC,7713014.45,1
Holt Truck Centers Of Texas LLC,7608881.95,35
LEIF JOHNSON FORD,7542933.03,175
MOTOROLA CREDIT CO. LLC,7474357.86,1
PARADIGM TRAFFIC SYSTEMS INC,7424019.20,173
ACT PIPE & SUPPLY INC,7272174.78,2180
PROFESSIONAL TURF PRODUCTS L P,7249920.51,198
"Creative Bus Sales, Inc.",7068592.67,14
"PulseMAC Solutions, LLC",6889386.25,21
Garrison Minerals LLC,6885820.75,45
Oracle America Inc,6793666.55,7
Fujitsu North America Inc.,6754009.12,6
HENRY SCHEIN INC,6615250.78,2820
BTAC Acquisition Corp.,6503189.07,90
Lauren Concrete Inc.,6197807.49,783
MITSUBISHI ELECTRIC POWER PRODUCTS INC,6127296.0,11
ADVANCE STORES COMPANY INC,6092739.07,12
Kando Partners,6054334.15,249
Delta Fire & Safety Inc,5975448.34,169
FSTI INC,5949870.29,278
"Open Systems International, Inc.",5759041.06,28
ARNOLD OIL COMPANY OF AUSTIN L P,5694188.46,320
FORD AUDIO-VIDEO SYSTEMS LLC,5581842.64,217
"Tony Parent Enterprises, Inc.",5551395.63,216
CONSOLIDATED TRAFFIC CONTROLS INC,5403183.65,370
KINLOCH EQUIPMENT & SUPPLY INC,5395135.75,144
"HELICOPTER SERVICES, INC.",5392753.93,15
Condy Holdings LLC,5366709.75,137
REDFLEX TRAFFIC SYSTEMS,5358450,112
"DPC INDUSTRIES, INC",5324323.66,81
Paradigm Contracting LLC,5295569.43,44
"Preferred Technologies, LLC",5155852.35,57
MWI VETERINARY SUPPLY CO,5111615.49,40
MCCOY-ROCKFORD INC,5060666.63,353
CALENCE L L C,5000275.56,859
STEALTH POWER LLC,4984619.6,63
TECHLINE PIPE LP,4972628.11,2063
"HEART OF TEXAS MUSIC, INC",4971921.67,89
ENVIRONMENTAL IMPROVEMENTS INC,4943644.63,2108
CDW GOVERNMENT INC,4919599.77,1150
"KIMLEY-HORN AND ASSOCIATES, INC",4876750.99,21
Georgetown Mac Haik Dodge Chrysler Jeep LTD,4806529.39,83
ALTEC INDUSTRIES INC,4802113.53,51
SANTA CLARA CONSTRUCTION LTD,4758242.17,1
PROFESSIONAL AMBULANCE SALES & SERVICE,4719718.5,2
WORKPLACE RESOURCE LLC,4586160.03,296
Brazos Technology Corporation,4544603,146
MES I Acquisition Inc,4466367.66,30
VULCAN CONSTRUCTION MATERIALS,4464048.23,273
RED WING BRANDS OF AMERICA INC,4462513.15,2964
TRANSAMERICAN POWER PRODUCTS,4443016.50,95
ORACLE AMERICA INC,4440302.30,5
"EST Group, LLC",4435580.57,88
SOUTHERN SAFETY SALES INC,4410960.89,1726
Copper River Information Technology LLC,4391057.29,11
FERGUSON ENTERPRISES INC,4390759.74,2493
National Bus Sales & Leasing Inc,4382891.9,10
TEXAS HIGHWAY PRODUCTS LTD,4361187.25,275
MCCAIN INC,4345200.9,93
GRID SOLUTIONS (US) LLC,4344552.71,56
"Texas Materials Group, Inc.",4338688.88,178
Charles Leo Walior,4277960.64,35
COUFAL-PRATER EQUIPMENT LLC,4217517.03,136
TELVENT USA LLC,4163247,10
AutoZone Parts Inc.,4130900.46,50
STRYKER CORP,4127728.64,116
FACILITIES RESOURCE INC,4119937.97,172
AMERICAN MATERIAL HANDLING INC,4117626.99,73
HD SUPPLY WATERWORKS LTD,4099816.73,3295
JOHN BEAN TECHNOLOGIES CORPORATION,4094323.83,492
"A & V Holdings Midco, LLC",4066944.95,212
"Mobotrex, Inc.",4058554.0,73
Texas Lime Company,4014429.60,8
"ITS Plus, Inc.",4005460,66
AFMA INC,3977227.11,654
"ENNIS-FLINT, INC.",3973233.60,392
"Forsythe Brothers Infrastructure, LLC.",3956886.49,68
THIRKETTLE CORPORATION,3898630.19,120
BASF Corporation,3854755.06,101
VIEUX & ASSOCIATES INC,3847813.45,33
"eClinicalWorks, LLC",3846304.89,21
SHELTON-KELLER GROUP INC,3825599.66,135
EWT HOLDINGS III CORP,3792774.97,254
Seon Systems Sales Inc.,3779564.75,19
FACILITIES REHABILITATION INC,3774900,1
SOUTHERN TIRE MART LLC,3747922.41,295
Alfred Williams & Company,3744231.20,27
BRIDGESTONE AMERICAS INC,3743824.38,25
AUSTIN RIBBON & COMPUTER,3674185.06,763
PENCCO INC,3635806.72,413
CIMA SOLUTIONS GROUP LTD,3615175.20,35
DOOLEY TACKABERRY INC,3572468.13,654
CAPITOL BEARING SERVICE OF AUSTIN INC,3551113.26,315
"US PEROXIDE, LLC",3541273.60,54
"TEQSYS, Inc.",3528874.61,26
"Smith Power Products, Inc.",3527502.15,84
PRECISION TASK GROUP INC,3459696.72,4
"San Antonio Ambulance Sales, Inc.",3432871.01,10
WEBBERVILLE PROPANE INC,3404202.69,167
DEERE & CO,3379941.09,89
"Schneider Electric Smart Grid Solutions, LLC",3322994.60,16
SHANNON CHEMICAL CORP,3309445.71,150
TRAVIS COUNTY,3307264.67,49
ACUSHNET COMPANY,3269869.89,206
QUADMED INC,3260995.28,1448
AVAYA INC,3247344.54,537
VWR INTERNATIONAL LLC,3234469.62,967
AUSTIN SCREEN PRINTING L P,3230148.35,1688
