source_document,page,snippet,matched_keyword
Annual Report on Funding Recommendations Fiscal Year 2026 - FY26-AR-Appendix-A-Project-Ratings.pdf,4,"CORECAPACITYPROJECTS
Phase
State , City , Project
Environmental
Benefits
Rating
Mobility
Improvements
Rating
Congestion
Relief
Rating
Cost
Effectiveness
Rating
Economic
Development
Rating
CapacityNeeds
Rating
ProjectJustification
SummaryRating
CoreCapacityEngineering
CoreCapacityProjectDevelopment
UTSaltLakeCity , FrontRunner2XMediumMedium - LowHighMediumMediumMediumMedium
NEWSTARTSPROJECTS
Phase
State , City , Project
Environmental
Benefits
Rating
Mobility
Improvements
Rating
Congestion
Relief
Rating
Cost
Effectiveness
Rating
Economic
Development
Rating
LandUse
Rating
ProjectJustification
SummaryRating
NewStartsEngineering
CASanFrancisco , TransbayProgramDowntownExtensionHighMediumMediumLowMedium - HighHighMedium - High
CASanJose , BARTSiliconValleyPhaseIIExtensionHighMediumMediumLowHighM",improvement
FY24-Approved-Audit-Plan.pdf,1,"Significantdeviationswillbeshared
withtheATPBoard , inadditiontoourprogressoncompletingthisplan .",progress
FY24-Approved-Audit-Plan.pdf,2,"Arereportingmethods
effectivelycommunicatingtheproject ' sprogress , includingwhetherATP
isonscheduleandwithinbudgetforprojectdelivery ?",progress
FY25-Approved-Audit-Plan.pdf,1,"Significantdeviationswillbeshared
withtheATPBoard , inadditiontoourprogressoncompletingthisplan .",progress
FY25-Approved-Audit-Plan.pdf,1,"Tokeeppacewiththiscriticalprofessionalevolution , andtoensurethe
credibilityandreliabilityofATP ’ sInternalAuditfunction , wewilldedicatesomeof
oureffortstoadaptingourInternalAuditCharter , policiesandprocedures , and
administrativeprocessesandrecordstothisnewguidance .",ada
FY25-Approved-Audit-Plan.pdf,2,"2
AUDIT & ADVISORYSERVICEPROJECTS
TopicPreliminaryObjectiveTypeSource
1
Performance
Measurement
HasATPdefinedandtrackedmeasuresofATP ' ssuccessand
effectivelycommunicatedprogresstowardsmeetingmeasures ?",progress
FY25-Approved-Audit-Plan.pdf,2,"Advisory
Service
InternalAudit
OTHERPROJECTS
TopicPreliminaryObjective
AnnualAudit
Planning
Performentity - wideriskevaluationandpreparenextyear ’ sannualauditplan
Adoptionofnew
auditstandards
UpdateInternalAuditCharter , policiesandprocedures , andadministrativeprocessesandrecords
toensurecompliancewithnewGlobalInternalAuditStandards
Ethics
Investigations
2
Reviewcomplaintsreceivedthroughtheethicshotlineandconductinvestigationsasneeded
AuditFollowUpEvaluatemanagementactionstakentoaddresspreviouslyissuedauditrecommendations
OtherRisk
AdvisoryServices
• ProvideinputonATPpoliciesandprocessestoenhanceinternalcontrols , asrequestedby
management
• Participateasriskadvisorinvariouscapacities
• Providefraud , waste , andabusetrainingandeducation
1
Theresourcesneededtocarryoutthisauditplanareconsi",compliance
FY25-Approved-Audit-Plan.pdf,2,starcompliance .,compliance
FY26 Approved Annual Audit Plans - FY26-Annual-Audit-Plan.pdf,1,"Thisplanalsoincludesourannualfollowupwork , asdetailed
intheauditrecommendationsdashboard , sowecancontinuously
monitortheprogressATPmakesinaddressingrisksand
recommendationsnotedinpreviousyears .",progress
FY26 Approved Annual Audit Plans - FY26-Annual-Audit-Plan.pdf,1,"Significant
deviationswillbesharedwiththeATPBoard , inadditiontoourprogress
oncompletingthisplan .",progress
FY26 Approved Annual Audit Plans - FY26-Annual-Audit-Plan.pdf,1,"To
keeppacewiththisprofessionalevolution , andtoensurethecredibility
andreliabilityofATP ’ sInternalAuditfunction , weadaptedourInternal
AuditCharter , policiesandprocedures , andadministrativeprocessesto
thisnewguidance .",ada
FY26 Approved Annual Audit Plans - FY26-Annual-Audit-Plan.pdf,1,"Inadditiontoadjustingourpoliciestoaccountfor
changestotitles , weupdatedourguidingdocumentstoreflectnew
requirementsregarding : exercisingprofessionalskepticismandcourage ,
thepurposeandBoardoversightofInternalAuditing , ourquality
assuranceimprovementprogram , andhowweimplementITresources .",improvement
FY26 Approved Annual Audit Plans - FY26-Annual-Audit-Plan.pdf,2,"AuditInternalAudit
Interlocal
Agreements
Whatprogresshasbeenmadetodevelop , execute ,
andmonitorinterlocalagreements ( ILAs ) thatdefine
rolesandresponsibilitiesinsupportofadvancing
ProjectConnect ?",progress
"ORDINANCE AMENDMENT REVIEW SHEET - 2025_05_13, Regular Meeting Backup, Planning Commission.PDF.pdf",1,"FY2025 - 2026CapitalImprovementRecommendations
Item : XX
Description : FY2025 - 2026CapitalImprovementRecommendations
Background : RequiredbyCityCharter , ArticleX .",improvement
"ORDINANCE AMENDMENT REVIEW SHEET - 2025_05_13, Regular Meeting Backup, Planning Commission.PDF.pdf",1,"ThePlanning
Commission – PowersandDuties :
“ ThePlanningCommissionshall : ( 4 ) Submitannuallytothecitymanager , notlessthan90
dayspriortothebeginningofthebudgetyear , alistofrecommendedcapitalimprovements ,
whichintheopinionofthecommissionarenecessaryordesirabletoimplementtheadopted
comprehensiveplanorelementorportionthereofduringtheforthcomingfive - yearperiod .",improvement
"ORDINANCE AMENDMENT REVIEW SHEET - 2025_05_13, Regular Meeting Backup, Planning Commission.PDF.pdf",1,"”
SummaryofItem :
ThesecapitalimprovementsareintendedtofurthertheCity ’ slong - termvisionandaspiration
ofbeinga “ beaconofsustainability , socialequityandeconomicopportunity ; wherediversity
andcreativityarecelebrated ; wherecommunityneedsandvaluesarerecognized ; where
leadershipcomesfromitscitizensandwherethenecessitiesoflifeareaffordableand
accessibletoall ” ( ImagineAustinVision , p .",equity
"ORDINANCE AMENDMENT REVIEW SHEET - 2025_05_13, Regular Meeting Backup, Planning Commission.PDF.pdf",1,"Inthelists
below , itemswithanasterisk ( * ) aresubstantiallythesamefromtheFY24 - 25Capital
ImprovementMemoofRecommendationsandremainrelevanttoday .",improvement
"ORDINANCE AMENDMENT REVIEW SHEET - 2025_05_13, Regular Meeting Backup, Planning Commission.PDF.pdf",2,"*
• ContinuetodeliverMobilityBondimprovementsfundedin2016 , 2018 , and2020 .",improvement
"ORDINANCE AMENDMENT REVIEW SHEET - 2025_05_13, Regular Meeting Backup, Planning Commission.PDF.pdf",2,"*
• ExpandtheamountofVisionZerosafetyimprovementstoaddressthe
disproportionateshareofpeopleofcoloramongseverecrashvictimsinAustin .",safety
"ORDINANCE AMENDMENT REVIEW SHEET - 2025_05_13, Regular Meeting Backup, Planning Commission.PDF.pdf",2,"*
• Focuscapitalimprovementsandmaintenanceofinfrastructurewithinareasthatare
intendedtobecompactandconnected , suchasImagineAustinActivityCenters &
ActivityCorridorsandEquitableTransit - OrientedDevelopmentstationareas .",improvement
"ORDINANCE AMENDMENT REVIEW SHEET - 2025_05_13, Regular Meeting Backup, Planning Commission.PDF.pdf",2,"*
Sustainablymanageourwaterresources
• Reviewthecity ’ sresiliencetoextremeweathereventsandotherimpactsofclimate
changetoensurethesafetyofcityresidents , ensurethereliabilityofelectric , water ,
andothercriticalinfrastructure , andidentifylong - rangecapitalimprovementsto
improveresiliencyinanequitablemanner .",safety
"ORDINANCE AMENDMENT REVIEW SHEET - 2025_05_13, Regular Meeting Backup, Planning Commission.PDF.pdf",2,"ContinuetogrowAustin ’ seconomybyinvestinginourworkforce , educationsystems ,
entrepreneurs , andlocalbusinesses
• SupporttheimplementationofcapitalimprovementsrecommendedbytheAustin
PublicLibraryComprehensiveStrategic + FacilitiesPlan .",improvement
"ORDINANCE AMENDMENT REVIEW SHEET - 2025_05_13, Regular Meeting Backup, Planning Commission.PDF.pdf",2,"*
• PromoteaccessandequityonCityprocurementopportunities , byprovidingmore
supportiveservicestosmall - , minority - owned , women - owned , anddisadvantaged
businesses .",equity
"ORDINANCE AMENDMENT REVIEW SHEET - 2025_05_13, Regular Meeting Backup, Planning Commission.PDF.pdf",2,"*
• PrioritizeandadvancecapitalimprovementprojectswithinCity - ledredevelopment
projects , asdirectedinCouncilResolutionNo .",improvement
"ORDINANCE AMENDMENT REVIEW SHEET - 2025_05_13, Regular Meeting Backup, Planning Commission.PDF.pdf",3,"• Supporttheimplementationofcommunity - recommendedcapitalimprovements
identifiedinrecognizedEconomicandCulturalDistrictStrategicPlans :
AldrichatMuellerStreetDistrict
( InProgress )
East12
th
StreetDistrictEastCesarChavezDistrict
NorthLamarInternational
District
SouthCongressDistrict
SouthFirstStreetDistrict ( In
Progress )
RedRiverCulturalDistrict
AfricanAmericanCultural
HeritageDistrict ( InProgress )
5
th
StreetMexicanAmerican
HeritageCorridor ( InProgress )
• SupportthedeliveryoftheEquitableCulturalDistrictFundingModelthatincludes ,
atminimum , recommendedstrategiesforcapitalinvestmentintoculturaldistrict
spacessupportingorganizationalstability , marketing , culturalpreservation , economic
development , andplace - enhancementtodesignatedculturaldistricts .",improvement
"ORDINANCE AMENDMENT REVIEW SHEET - 2025_05_13, Regular Meeting Backup, Planning Commission.PDF.pdf",3,"• InvestintheCommercialStabilizationProgramtosupporttheequitabledeliveryof
capitalimprovementenhancements , suchasstreetbanners , customstreetsigns , bike
racks , andlandscapeimprovements , inrecognizedEconomicandCulturalDistricts .",improvement
"ORDINANCE AMENDMENT REVIEW SHEET - 2025_05_13, Regular Meeting Backup, Planning Commission.PDF.pdf",3,"Examplesincludestreamandshorelinerestoration , the
constructionoftrailsandgreenstreets , openspaceacquisition , parkimprovements ,
communityagriculture , andgreenstormwaterretrofits .",improvement
"ORDINANCE AMENDMENT REVIEW SHEET - 2025_05_13, Regular Meeting Backup, Planning Commission.PDF.pdf",5,"CreateaHealthyAustinProgram
• Alignfundingwithpriorityprogramgoals , objectives , andactionitemstopromote
healthierlivingbyincreasingopportunitiesforphysicalactivitythrough
improvementsinactivetransportationinfrastructureandimprovementstotrail
systems ; increasingaccesstobasicneedsservicesincludingfoodaccessand
preventativehealthservices ; andincreasingopportunitiesforrecreationbyco -
locatingAustinPublicHealth ( APH ) neighborhoodcenterswiththeParksand
RecreationDepartment ’ s ( PARD ’ s ) recreationservices .",improvement
"ORDINANCE AMENDMENT REVIEW SHEET - 2025_05_13, Regular Meeting Backup, Planning Commission.PDF.pdf",5,"*
• Prioritizeinvestmentsrelatedtopublichealthandsafety , andcapitalrenewalsuchas
projectrehabilitationandrestoration .",safety
"ORDINANCE AMENDMENT REVIEW SHEET - 2025_05_13, Regular Meeting Backup, Planning Commission.PDF.pdf",5,"• Investindatainfrastructuretosupportregularlyupdatedimplementationprogress
trackingforImagineAustin .",progress
"ORDINANCE AMENDMENT REVIEW SHEET - 2025_05_13, Regular Meeting Backup, Planning Commission.PDF.pdf",6,"BoardandCommissionActions :
PlanningCommission : May13 , 2025
Submittothecitymanager , nolaterthanMay31 , 2025 , therecommendedlist
ofcapitalimprovements , whichintheopinionofthecommissionare
necessaryordesirabletoimplementtheadoptedcomprehensiveplanor
elementorportion
CouncilAction :
N / A
SponsorDepartment : PlanningDepartment
CityStaff : ChristopherCrain , Christopher .",improvement
PowerPoint Presentation - September2022_ApprovedAuditPlan.pdf,1,"AUDITPROJECTS
ProjectTopicPreliminaryObjectivePrioritySourceResources & Cost
Contract
ComplianceAudits
ofHDR , AECOM ,
andHNTB
agreements
1
AreATPcontractmonitoringpracticesensuring
taskordersareeffectivelyevaluatedand
contractorcompliancewithkeycontract
provisions ?",compliance
PowerPoint Presentation - September2022_ApprovedAuditPlan.pdf,1,"Focusareasmayinclude :
• Conductingcommunityengagement
• Establishingtransitequitygoalsandmetrics
• DevelopingtheDisadvantagedBusiness
Enterprise ( DBE ) program
• EnsuringOSHAcompliance
• Identifyingwaystoclarifyexpectations
HighInternal
Audit
InternalAuditstaff *
1
NOTE : AgreementswereexecutedbytheCapitalMetropolitanTransportationAuthority ( CapMetro ) inDecember2018 , March2019 ,
andApril2019respectivelypriortotheestablishmentofAustinTransitPartnership .",equity
cfo-monthly-report-dec-2025.pdf,7,"October - 25
Transfer # 1
From : RRF0346EastSubdivisionInfrastructureImprovement ( 729 , 580 )
To : RRC0299HotBoxDetectors729 , 580
December - 25
Transfer # 2
From : 220 - 5090702OperatingContingency ( 150 , 000 )
320 - XPL23035 - Year & 10 - YearLong - RangeServicePlans150 , 000
TransferredfundsfromOperatingContingencytothe5 - Year & 10 - YearLong - RangePlanto
completetheserviceplan .",improvement
cfo-monthly-report-dec-2025.pdf,7,"TransferredfundsfromEastSubdivisionInfrastructureImprovementprojecttotheHotBox
DetectorsprojectdelayedfromFY2025toFY2026 .",improvement
cfo-monthly-report-dec-2025.pdf,10,"5 % ( 46 ) 960
119 - SmallBusinessProgramsandCompliance194177135130 .",compliance
cfo-monthly-report-dec-2025.pdf,10,"2 % 511 , 625Vacancysavings
140 - Safety455482437110 .",safety
cfo-monthly-report-dec-2025.pdf,10,"3 % ( 45 ) 1 , 987Timingofprofessionalservices
141 - PublicSafetyandEmergencyManagement1 , 6331 , 5681 , 99678 .",safety
cfo-monthly-report-dec-2025.pdf,12,"0 % EastSubdivisionInfrastructureImprovementandBridgeReplacement
PropertyandAssetManagement5 , 38810 , 75940 , 80640 , 66339 .",improvement
